{
  "aut": 1.5720333706885816e-05,
  "fpph": 0.0,
  "recall": 0.9945,
  "accuracy": 0.99725,
  "threshold": 0.5,
  "optimal_threshold": 0.11,
  "optimal_recall": 0.999,
  "optimal_fpph": 0.11206574523720582,
  "n_positive": 2000,
  "n_negative": 32124,
  "validation_hours": 17.85
}
